,sample,name,clean.tissue,subtissue,time
1,Sample_106,root_whole root_5d,root,root_whole,5d
2,Sample_107,root_whole root_5d,root,root_whole,5d
3,Sample_108,root_whole root_5d,root,root_whole,5d
4,Sample_10,root_root tip_5d,root,root_tip,5d
5,Sample_11,root_root tip_5d,root,root_tip,5d
6,Sample_12,root_root tip_5d,root,root_tip,5d
7,Sample_13,root_maturation zone_5d,root,root_maturation_zone,5d
8,Sample_14,root_maturation zone_5d,root,root_maturation_zone,5d
9,Sample_15,root_maturation zone_5d,root,root_maturation_zone,5d
10,Sample_1,root_whole root_7d,root,root_whole,7d
11,Sample_2,root_whole root_7d,root,root_whole,7d
12,Sample_3,root_whole root_7d,root,root_whole,7d
13,Sample_7,root_whole root_14d,root,root_whole,14d
14,Sample_8,root_whole root_14d,root,root_whole,14d
15,Sample_9,root_whole root_14d,root,root_whole,14d
16,Sample_4,root_whole root_21d,root,root_whole,21d
17,Sample_5,root_whole root_21d,root,root_whole,21d
18,Sample_6,root_whole root_21d,root,root_whole,21d
19,Sample_16,hypocotyl_10d,hypocotyl,hypocotyl,10d
20,Sample_17,hypocotyl_10d,hypocotyl,hypocotyl,10d
21,Sample_18,hypocotyl_10d,hypocotyl,hypocotyl,10d
22,Sample_22,3rd internode_24d,stem,3rd internode,24d
23,Sample_23,3rd internode_24d,stem,3rd internode,24d
24,Sample_24,3rd internode_24d,stem,3rd internode,24d
25,Sample_19,2nd internode_24d,stem,2nd internode,24d
26,Sample_20,2nd internode_24d,stem,2nd internode,24d
27,Sample_21,2nd internode_24d,stem,2nd internode,24d
28,Sample_25,1st internode_28d+,stem,1st internode,28d+
29,Sample_26,1st internode_28d+,stem,1st internode,28d+
30,Sample_27,1st internode_28d+,stem,1st internode,28d+
31,Sample_28,cotyledons_7d,cotyledons,cotyledons,7d
32,Sample_29,cotyledons_7d,cotyledons,cotyledons,7d
33,Sample_30,cotyledons_7d,cotyledons,cotyledons,7d
34,Sample_31,leaves 1+2_7d,leaf,leaves 1+2,7d
35,Sample_32,leaves 1+2_7d,leaf,leaves 1+2,7d
36,Sample_33,leaves 1+2_7d,leaf,leaves 1+2,7d
37,Sample_34,leaves 1+2_10d,leaf,leaves 1+2,10d
38,Sample_35,leaves 1+2_10d,leaf,leaves 1+2,10d
39,Sample_36,leaves 1+2_10d,leaf,leaves 1+2,10d
40,Sample_40,leaves 1+2_petiole_10d,leaf,leaves 1+2_petiole,10d
41,Sample_41,leaves 1+2_petiole_10d,leaf,leaves 1+2_petiole,10d
42,Sample_42,leaves 1+2_petiole_10d,leaf,leaves 1+2_petiole,10d
43,Sample_43,leaves 1+2_leaf tip_10d,leaf,leaves 1+2_leaf tip,10d
44,Sample_44,leaves 1+2_leaf tip_10d,leaf,leaves 1+2_leaf tip,10d
45,Sample_45,leaves 1+2_leaf tip_10d,leaf,leaves 1+2_leaf tip,10d
46,Sample_37,leaves 5+6_17d,leaf,leaves 5+6,17d
47,Sample_38,leaves 5+6_17d,leaf,leaves 5+6,17d
48,Sample_39,leaves 5+6_17d,leaf,leaves 5+6,17d
49,Sample_118,cauline leaves_24d,leaf,cauline_leaf,24d
50,Sample_119,cauline leaves_24d,leaf,cauline_leaf,24d
51,Sample_120,cauline leaves_24d,leaf,cauline_leaf,24d
52,Sample_46,leaves senescing_35d,leaf,scenescent_leaf,35d
53,Sample_47,leaves senescing_35d,leaf,scenescent_leaf,35d
54,Sample_48,leaves senescing_35d,leaf,scenescent_leaf,35d
55,Sample_115,apex vegetative_7d,apex,vegetative,7d
56,Sample_116,apex vegetative_7d,apex ,vegetative,7d
57,Sample_117,apex vegetative_7d,apex ,vegetative,7d
58,Sample_49,apex vegetative_10d,apex ,vegetative,10d
59,Sample_50,apex vegetative_10d,apex ,vegetative,10d
60,Sample_51,apex vegetative_10d,apex ,vegetative,10d
61,Sample_52,apex vegetative_14d,apex ,vegetative,14d
62,Sample_53,apex vegetative_14d,apex ,vegetative,14d
63,Sample_54,apex vegetative_14d,apex ,vegetative,14d
64,Sample_55,apex inflorescence_21d,apex ,inflorescence,21d
65,Sample_56,apex inflorescence_21d,apex ,inflorescence,21d
66,Sample_57,apex inflorescence_21d,apex ,inflorescence,21d
67,Sample_61,apex inflorescence_28d,apex ,inflorescence,28d
68,Sample_62,apex inflorescence_28d,apex ,inflorescence,28d
69,Sample_63,apex inflorescence_28d,apex ,inflorescence,28d
70,Sample_58,apex inflorescence_clv1-8_21d,apex ,inflorescence_clv1-8,21d
71,Sample_59,apex inflorescence_clv1-8_21d,apex ,inflorescence_clv1-8,21d
72,Sample_60,apex inflorescence_clv1-8_21d,apex ,inflorescence_clv1-8,21d
73,Sample_64,flower stage 9_21d+,flower,stage_9,21d+
74,Sample_65,flower stage 9_21d+,flower,stage_9,21d+
75,Sample_66,flower stage 9_21d+,flower,stage_9,21d+
76,Sample_67,flower stage 10/11_21d+,flower,stage_10+11,21d+
77,Sample_68,flower stage 10/11_21d+,flower,stage_10+11,21d+
78,Sample_69,flower stage 10/11_21d+,flower,stage_10+11,21d+
79,Sample_70,flower stage 12_21d+,flower,stage_12,21d+
80,Sample_71,flower stage 12_21d+,flower,stage_12,21d+
81,Sample_72,flower stage 12_21d+,flower,stage_12,21d+
82,Sample_73,flower stage 15_21d+,flower,stage_15,21d+
83,Sample_74,flower stage 15_21d+,flower,stage_15,21d+
84,Sample_75,flower stage 15_21d+,flower,stage_15,21d+
85,Sample_76,flower stage 12_sepals_21d+,flower,stage_12_sepals,21d+
86,Sample_77,flower stage 12_sepals_21d+,flower,stage_12_sepals,21d+
87,Sample_78,flower stage 12_sepals_21d+,flower,stage_12_sepals,21d+
88,Sample_88,flower stage 15_sepals_21d+,flower,stage_15_sepals,21d+
89,Sample_89,flower stage 15_sepals_21d+,flower,stage_15_sepals,21d+
90,Sample_90,flower stage 15_sepals_21d+,flower,stage_15_sepals,21d+
91,Sample_79,flower stage 12_petals_21d+,flower,stage_12_petals,21d+
92,Sample_80,flower stage 12_petals_21d+,flower,stage_12_petals,21d+
93,Sample_81,flower stage 12_petals_21d+,flower,stage_12_petals,21d+
94,Sample_91,flower stage 15_petals_21d+,flower,stage_15_petals,21d+
95,Sample_92,flower stage 15_petals_21d+,flower,stage_15_petals,21d+
96,Sample_93,flower stage 15_petals_21d+,flower,stage_15_petals,21d+
97,Sample_82,flower stage 12_stamens_21d+,flower,stage_12_stamens,21d+
98,Sample_83,flower stage 12_stamens_21d+,flower,stage_12_stamens,21d+
99,Sample_84,flower stage 12_stamens_21d+,flower,stage_12_stamens,21d+
100,Sample_94,flower stage 15_stamens_21d+,flower,stage_15_stamens,21d+
101,Sample_95,flower stage 15_stamens_21d+,flower,stage_15_stamens,21d+
102,Sample_96,flower stage 15_stamens_21d+,flower,stage_15_stamens,21d+
103,Sample_109,flower_mature pollen_28d,flower,mature_pollen,28d
104,Sample_110,flower_mature pollen_28d,flower,mature_pollen,28d
105,Sample_111,flower_mature pollen_28d,flower,mature_pollen,28d
106,Sample_283,flower stage 12_early_carpels_25d,flower,stage_12_early_carpels,25d
107,Sample_284,flower stage 12_early_carpels_25d,flower,stage_12_early_carpels,25d
108,Sample_285,flower stage 12_early_carpels_25d,flower,stage_12_early_carpels,25d
109,Sample_85,flower stage 12_late_carpels_25d,flower,stage_12_late_carpels,25d
110,Sample_86,flower stage 12_late_carpels_25d,flower,stage_12_late_carpels,25d
111,Sample_87,flower stage 12_late_carpels_25d,flower,stage_12_late_carpels,25d
112,Sample_97,flower stage 15_carpels_21d+,flower,stage_15_carpels,21d+
113,Sample_98,flower stage 15_carpels_21d+,flower,stage_15_carpels,21d+
114,Sample_99,flower stage 15_carpels_21d+,flower,stage_15_carpels,21d+
115,Sample_100,fruit stage 16_siliques w/ seeds_28d+,silique,fruit stage 16_siliques w/ seeds,28d+
116,Sample_101,fruit stage 16_siliques w/ seeds_28d+,silique,fruit stage 16_siliques w/ seeds,28d+
117,Sample_102,fruit stage 16_siliques w/ seeds_28d+,silique,fruit stage 16_siliques w/ seeds,28d+
118,Sample_103,fruit stage 17a_siliques w/ seeds_28d+,silique,fruit stage 17a_siliques w/ seeds,28d+
119,Sample_104,fruit stage 17a_siliques w/ seeds_28d+,silique,fruit stage 17a_siliques w/ seeds,28d+
120,Sample_105,fruit stage 17a_siliques w/ seeds_28d+,silique,fruit stage 17a_siliques w/ seeds,28d+
121,Sample_112,fruit stage 18_seeds_28d+,seed,fruit stage 18_seeds,28d+
122,Sample_113,fruit stage 18_seeds_28d+,seed,fruit stage 18_seeds,28d+
123,Sample_114,fruit stage 18_seeds_28d+,seed,fruit stage 18_seeds,28d+