,sample.id,sample.name,tissue,suggested.tissue,clean.tissue,subtissue,time
22,R0SRR3581686XX,Anthers of the mature flower (F.AN.ad),Anther before opening,flower.anther,Flower,Anther,Mature
91,R0SRR3581852XX,Anthers of the mature flower (F.AN.ad),Anther before opening,flower.anther,Flower,Anther,Mature
21,R0SRR3581685XX,Carpels of the mature flower (F.CA.ad),Carpel,flower.carpel,Flower,Carpel,Mature
61,R0SRR3581730XX,Carpel of 6th and 7th flowers (POD.y6-7),Carpel,flower.carpel,Flower,Carpel,
90,R0SRR3581851XX,Carpels of the mature flower (F.CA.ad),Carpel,flower.carpel,Flower,Carpel,Mature
130,R0SRR3581891XX,Carpel of 6th and 7th flowers (POD.y6-7),Carpel,flower.carpel,Flower,Carpel,
2,R0SRR3581345XX,Seedling Cotyledons (S.C),Cotyledon,seedling.cotyledon,Cotyledon,Cotyledon,Seedling
72,R0SRR3581833XX,Seedling Cotyledons (S.C),Cotyledon,seedling.cotyledon,Cotyledon,Cotyledon,Seedling
29,R0SRR3581693XX,Flower 1 (F1),Flower 1,flower,Flower,Whole,1
98,R0SRR3581859XX,Flower 1 (F1),Flower 1,flower,Flower,Whole,1
36,R0SRR3581700XX,Flowers 12-14 (F12-14),Flower 12-14,flower,Flower,Whole,13
105,R0SRR3581866XX,Flowers 12-14 (F12-14),Flower 12-14,flower,Flower,Whole,13
37,R0SRR3581701XX,Flowers 15-18 (F15-18),Flower 15-18,flower,Flower,Whole,16.5
106,R0SRR3581867XX,Flowers 15-18 (F15-18),Flower 15-18,flower,Flower,Whole,16.5
30,R0SRR3581694XX,Flower 2 (F2),Flower 2,flower,Flower,Whole,2
99,R0SRR3581860XX,Flower 2 (F2),Flower 2,flower,Flower,Whole,2
31,R0SRR3581695XX,Flower 3 (F3),Flower 3,flower,Flower,Whole,3
100,R0SRR3581861XX,Flower 3 (F3),Flower 3,flower,Flower,Whole,3
32,R0SRR3581696XX,Flower 4 (F4),Flower 4,flower,Flower,Whole,4
101,R0SRR3581862XX,Flower 4 (F4),Flower 4,flower,Flower,Whole,4
33,R0SRR3581697XX,Flower 5 (F5),Flower 5,flower,Flower,Whole,5
102,R0SRR3581863XX,Flower 5 (F5),Flower 5,flower,Flower,Whole,5
34,R0SRR3581698XX,Flowers 6-8 (F6-8),Flower 6-8,flower,Flower,Whole,7
103,R0SRR3581864XX,Flowers 6-8 (F6-8),Flower 6-8,flower,Flower,Whole,7
35,R0SRR3581699XX,Flowers 9-11 (F9-11),Flower 9-11,flower,Flower,Whole,10
104,R0SRR3581865XX,Flowers 9-11 (F9-11),Flower 9-11,flower,Flower,Whole,10
1,R0SRR3581336XX,Seedling Hypocotyl (S.H),Hypocotyl,seedling.hypocotyl,Hypocotyl,Hypocotyl,Seedling
70,R0SRR3581740XX,Seedling Hypocotyl (S.H),Hypocotyl,seedling.hypocotyl,Hypocotyl,Hypocotyl,Seedling
38,R0SRR3581702XX,Flowers 19 and following (F19+),Inflorescence,flower.inflorescence,Flower,Inflorescence,
107,R0SRR3581868XX,Flowers 19 and following (F19+),Inflorescence,flower.inflorescence,Flower,Inflorescence,
40,R0SRR3581704XX,Axis of the inflorescence (AX),Inflorescence axis,flower.inflorescence,Flower,InflorescenceAxis,
109,R0SRR3581870XX,Axis of the inflorescence (AX),Inflorescence axis,flower.inflorescence,Flower,InflorescenceAxis,
41,R0SRR3581705XX,Internode (IN),Internode,stem.internode,Internode,Internode,
69,R0SRR3581738XX,Senescent internode (IN.sn),Internode,stem.internode,Internode,Internode,Scenescent
110,R0SRR3581871XX,Internode (IN),Internode,stem.internode,Internode,Internode,
138,R0SRR3581899XX,Senescent internode (IN.sn),Internode,stem.internode,Internode,Internode,Scenescent
17,R0SRR3581681XX,"Leaf, mature (L.lg)",Leaf,leaf,Leaf,Whole,Mature
86,R0SRR3581847XX,"Leaf, mature (L.lg)",Leaf,leaf,Leaf,Whole,Mature
8,R0SRR3581388XX,Leaf Lamina of the young leaf (L.LAM.y),Leaf blade,leaf.blade,Leaf,blade,Young
10,R0SRR3581591XX,"Leaf Lamina, intermediate 1 (L.LAM.i1)",Leaf blade,leaf.blade,Leaf,blade,Intermediate
13,R0SRR3581676XX,"Leaf Lamina, intermediate 2 (L.LAM.i2)",Leaf blade,leaf.blade,Leaf,blade,Intermediate
16,R0SRR3581680XX,Leaf Lamina of the mature leaf (L.LAM.lg),Leaf blade,leaf.blade,Leaf,blade,Mature
77,R0SRR3581838XX,Leaf Lamina of the young leaf (L.LAM.y),Leaf blade,leaf.blade,Leaf,blade,Young
79,R0SRR3581840XX,"Leaf Lamina, intermediate 1 (L.LAM.i1)",Leaf blade,leaf.blade,Leaf,blade,Intermediate
82,R0SRR3581843XX,"Leaf Lamina, intermediate 2 (L.LAM.i2)",Leaf blade,leaf.blade,Leaf,blade,Intermediate
85,R0SRR3581846XX,Leaf Lamina of the mature leaf (L.LAM.lg),Leaf blade,leaf.blade,Leaf,blade,Mature
12,R0SRR3581672XX,"Leaf Vein, intermediate 2 (L.VN.i2)",Leaf midrib,leaf.midrib,Leaf,midrib,Intermediate
15,R0SRR3581679XX,Leaf Vein of the mature leaf (L.VN.lg),Leaf midrib,leaf.midrib,Leaf,midrib,Mature
19,R0SRR3581683XX,Leaf Vein of the senescent leaf (L.VN.sn),Leaf midrib,leaf.midrib,Leaf,midrib,Scenescent
81,R0SRR3581842XX,"Leaf Vein, intermediate 2 (L.VN.i2)",Leaf midrib,leaf.midrib,Leaf,midrib,Intermediate
84,R0SRR3581845XX,Leaf Vein of the mature leaf (L.VN.lg),Leaf midrib,leaf.midrib,Leaf,midrib,Mature
88,R0SRR3581849XX,Leaf Vein of the senescent leaf (L.VN.sn),Leaf midrib,leaf.midrib,Leaf,midrib,Scenescent
7,R0SRR3581383XX,Leaf Petiole of the young leaf (L.PET.y),Leaf petiole,leaf.petiole,Leaf,petiole,Young
9,R0SRR3581499XX,"Leaf Petiole, intermediate 1 (L.PET.i1)",Leaf petiole,leaf.petiole,Leaf,petiole,Intermediate
11,R0SRR3581639XX,"Leaf Petiole, intermediate 2 (L.PET.i2)",Leaf petiole,leaf.petiole,Leaf,petiole,Intermediate
14,R0SRR3581678XX,Leaf Petiole of the mature leaf (L.PET.lg),Leaf petiole,leaf.petiole,Leaf,petiole,Mature
18,R0SRR3581682XX,Leaf Petiole of the senescent leaf (L.PET.sn),Leaf petiole,leaf.petiole,Leaf,petiole,Scenescent
76,R0SRR3581837XX,Leaf Petiole of the young leaf (L.PET.y),Leaf petiole,leaf.petiole,Leaf,petiole,Young
78,R0SRR3581839XX,"Leaf Petiole, intermediate 1 (L.PET.i1)",Leaf petiole,leaf.petiole,Leaf,petiole,Intermediate
80,R0SRR3581841XX,"Leaf Petiole, intermediate 2 (L.PET.i2)",Leaf petiole,leaf.petiole,Leaf,petiole,Intermediate
83,R0SRR3581844XX,Leaf Petiole of the mature leaf (L.PET.lg),Leaf petiole,leaf.petiole,Leaf,petiole,Mature
87,R0SRR3581848XX,Leaf Petiole of the senescent leaf (L.PET.sn),Leaf petiole,leaf.petiole,Leaf,petiole,Scenescent
20,R0SRR3581684XX,Opened Anthers (F.AN),Opened Anther,flower.anther,Flower,Anther,Open
89,R0SRR3581850XX,Opened Anthers (F.AN),Opened Anther,flower.anther,Flower,Anther,Open
59,R0SRR3581727XX,Ovules from 6th and 7th flowers (OV.y6-7),Ovule,flower.ovule,Flower,Ovule,
128,R0SRR3581889XX,Ovules from 6th and 7th flowers (OV.y6-7),Ovule,flower.ovule,Flower,Ovule,
39,R0SRR3581703XX,Pedicel (PED),Pedicel,flower.pedicel,Flower,Pedicel,
108,R0SRR3581869XX,Pedicel (PED),Pedicel,flower.pedicel,Flower,Pedicel,
24,R0SRR3581688XX,Petals of the mature flower (F.PT.ad),Petal,flower.petal,Flower,Petal,Mature
93,R0SRR3581854XX,Petals of the mature flower (F.PT.ad),Petal,flower.petal,Flower,Petal,Mature
67,R0SRR3581736XX,Pod of the senescent silique 1 (POD.sn1),Pod,silique.pod,Pod,FromSilique,Scenescent
136,R0SRR3581897XX,Pod of the senescent silique 1 (POD.sn1),Pod,silique.pod,Pod,FromSilique,Scenescent
43,R0SRR3581707XX,Pod of the silique 1 (POD1),Pod 1,silique.pod,Pod,FromSilique,1
112,R0SRR3581873XX,Pod of the silique 1 (POD1),Pod 1,silique.pod,Pod,FromSilique,1
46,R0SRR3581710XX,Pod of the silique 3 (POD3),Pod 3,silique.pod,Pod,FromSilique,3
115,R0SRR3581876XX,Pod of the silique 3 (POD3),Pod 3,silique.pod,Pod,FromSilique,3
49,R0SRR3581713XX,Pod of the silique 5 (POD5),Pod 5,silique.pod,Pod,FromSilique,5
118,R0SRR3581879XX,Pod of the silique 5 (POD5),Pod 5,silique.pod,Pod,FromSilique,5
52,R0SRR3581716XX,Pod of the silique 7 (POD7),Pod 7,silique.pod,Pod,FromSilique,7
121,R0SRR3581882XX,Pod of the silique 7 (POD7),Pod 7,silique.pod,Pod,FromSilique,7
4,R0SRR3581347XX,Seedling Root (S.R),Root,seedling.root,Root,Root,Seedling
6,R0SRR3581356XX,Root (R ),Root,root,Root,Root,
73,R0SRR3581834XX,Seedling Root (S.R),Root,seedling.root,Root,Root,Seedling
75,R0SRR3581836XX,Root (R ),Root,root,Root,Root,
5,R0SRR3581352XX,Root Apex (R.A),Root Apex,root.apex,Root,Apex,
74,R0SRR3581835XX,Root Apex (R.A),Root Apex,root.apex,Root,Apex,
62,R0SRR3581731XX,Dry Seeds (SD.d),Seed,seed.dry,Seed,NonSilique,Dry
63,R0SRR3581732XX,Germinating seeds 1 (SD.g1),Seed,seed.germinating,Seed,NonSilique,Germinating
64,R0SRR3581733XX,Germinating seeds 2 (SD.g2),Seed,seed.germinating,Seed,NonSilique,Germinating
65,R0SRR3581734XX,Germinating seeds 3 (SD.g3),Seed,seed.germinating,Seed,NonSilique,Germinating
66,R0SRR3581735XX,Seeds from the senescent silique 1 (SD.sn1),Seed,seed,Seed,NonSilique,
131,R0SRR3581892XX,Dry Seeds (SD.d),Seed,seed.dry,Seed,NonSilique,Dry
132,R0SRR3581893XX,Germinating seeds 1 (SD.g1),Seed,seed.germinating,Seed,NonSilique,Germinating
133,R0SRR3581894XX,Germinating seeds 2 (SD.g2),Seed,seed.germinating,Seed,NonSilique,Germinating
134,R0SRR3581895XX,Germinating seeds 3 (SD.g3),Seed,seed.germinating,Seed,NonSilique,Germinating
135,R0SRR3581896XX,Seeds from the senescent silique 1 (SD.sn1),Seed,seed,Seed,NonSilique,
42,R0SRR3581706XX,Seeds 1 (SD1),Seed 1,seed,Seed,NonSilique,1
111,R0SRR3581872XX,Seeds 1 (SD1),Seed 1,seed,Seed,NonSilique,1
45,R0SRR3581709XX,Seeds 3 (SD3),Seed 3,seed,Seed,NonSilique,3
114,R0SRR3581875XX,Seeds 3 (SD3),Seed 3,seed,Seed,NonSilique,3
48,R0SRR3581712XX,Seeds 5 (SD5),Seed 5,seed,Seed,NonSilique,5
117,R0SRR3581878XX,Seeds 5 (SD5),Seed 5,seed,Seed,NonSilique,5
51,R0SRR3581715XX,Seeds 7 (SD7),Seed 7,seed,Seed,NonSilique,7
120,R0SRR3581881XX,Seeds 7 (SD7),Seed 7,seed,Seed,NonSilique,7
54,R0SRR3581719XX,Young seeds 1 (SD.y1),Seed from silique 1,seed,Seed,FromSilique,1
123,R0SRR3581884XX,Young seeds 1 (SD.y1),Seed from silique 1,seed,Seed,FromSilique,1
55,R0SRR3581720XX,Young seeds 2 (SD.y2),Seed from silique 2,seed,Seed,FromSilique,2
124,R0SRR3581885XX,Young seeds 2 (SD.y2),Seed from silique 2,seed,Seed,FromSilique,2
56,R0SRR3581721XX,Young seeds 3 (SD.y3),Seed from silique 3,seed,Seed,FromSilique,3
125,R0SRR3581886XX,Young seeds 3 (SD.y3),Seed from silique 3,seed,Seed,FromSilique,3
57,R0SRR3581724XX,Young seeds 4 (SD.y4),Seed from silique 4,seed,Seed,FromSilique,4
126,R0SRR3581887XX,Young seeds 4 (SD.y4),Seed from silique 4,seed,Seed,FromSilique,4
58,R0SRR3581726XX,Young seeds 5 (SD.y5),Seed from silique 5,seed,Seed,FromSilique,5
127,R0SRR3581888XX,Young seeds 5 (SD.y5),Seed from silique 5,seed,Seed,FromSilique,5
25,R0SRR3581689XX,Sepals of the mature flower (F.SP.ad),Sepal,flower.sepal,Flower,Sepal,Mature
94,R0SRR3581855XX,Sepals of the mature flower (F.SP.ad),Sepal,flower.sepal,Flower,Sepal,Mature
71,R0SRR3581831XX,Seedling Meristem (S.M),Shoot apical meristem,meristem.shoot.apical,Shoot,ApicalMeristem,Seedling
3,R0SRR3581346XX,Seedling Meristem (S.M),Shoot apical meristem,meristem.shoot.apical,Shoot,ApicalMeristem,Seedling
68,R0SRR3581737XX,Senescent silique 2 (SL.sn2),Silique,silique,Silique,NonSilique,Scenescent
137,R0SRR3581898XX,Senescent silique 2 (SL.sn2),Silique,silique,Silique,NonSilique,Scenescent
44,R0SRR3581708XX,Silique 2 (SL2),Silique 2,silique,Silique,NonSilique,2
113,R0SRR3581874XX,Silique 2 (SL2),Silique 2,silique,Silique,NonSilique,2
47,R0SRR3581711XX,Silique 4 (SL4),Silique 4,silique,Silique,NonSilique,4
116,R0SRR3581877XX,Silique 4 (SL4),Silique 4,silique,Silique,NonSilique,4
50,R0SRR3581714XX,Silique 6 (SL6),Silique 6,silique,Silique,NonSilique,6
119,R0SRR3581880XX,Silique 6 (SL6),Silique 6,silique,Silique,NonSilique,6
53,R0SRR3581717XX,Silique 8 (SL8),Silique 8,silique,Silique,NonSilique,8
122,R0SRR3581883XX,Silique 8 (SL8),Silique 8,silique,Silique,NonSilique,8
23,R0SRR3581687XX,Stamen filaments of the mature flower (F.FM.ad),Stamen filament,flower.stamen,Stamen,Filament,Mature
92,R0SRR3581853XX,Stamen filaments of the mature flower (F.FM.ad),Stamen filament,flower.stamen,Stamen,Filament,Mature
60,R0SRR3581728XX,Stigmatic tissue (STI),Stigma,flower.stigma,Stigma,Stigma,
129,R0SRR3581890XX,Stigmatic tissue (STI),Stigma,flower.stigma,Stigma,Stigma,
27,R0SRR3581691XX,Anthers of the young flower (F.AN.y),Young anther,flower.anther,Flower,Anther,Young
96,R0SRR3581857XX,Anthers of the young flower (F.AN.y),Young anther,flower.anther,Flower,Anther,Young
26,R0SRR3581690XX,Carpels of the young flower (F.CA.y),Young carpel,flower.carpel,Flower,Carpel,Young
95,R0SRR3581856XX,Carpels of the young flower (F.CA.y),Young carpel,flower.carpel,Flower,Carpel,Young
28,R0SRR3581692XX,Sepals of the young flower (F.SP.y),Young sepal,flower.sepal,Flower,Sepal,Young
97,R0SRR3581858XX,Sepals of the young flower (F.SP.y),Young sepal,flower.sepal,Flower,Sepal,Young